Name,Expected Graduation Year,Internship Year,GPA,College Name,College Type,Technical Skills,Extracurricular Activities,US Citizen,Received Award
Gloria,2024,2022,3.7,Indiana University,Public Research University,"Java, Python",Women's Tennis,Y,N
Kathy,2023,2022,3.7,Wellesley College,Women's College,"Javascript, PHP",Women's Soccer,Y,N
Andy,2023,2022,3.7,University of Michigan,Public Research University,"Java, Javascript, Python",Chess Club,Y,N
Jordan,2023,2022,3.6,University of California San Diego,Public Research University,"Java, Javascript, Python","Association for Computing Machinery, oSTEM",Y,Y
Daniel,2024,2022,3.2,University of California San Diego,Public Research University,"Java, Python",Society of Hispanic Professional Engineers ,Y,N
Rajesh,2024,2022,3.6,Indiana University,Public Research University,"Java, Racket, Python",Data Science Club,Y,N
Mark,2023,2022,3.9,University of Michigan,Public Research University,"Java, Javascript, Python",Chess Club,Y,Y
Kevin,2023,2022,3.4,University of Michigan,Public Research University,"Java, Python",Michiganensian Yearbook,Y,N
Thomas,2023,2022,3.4,University of Michigan,Public Research University,"Java, Javascript, Python",Spanish Club,Y,N
Jessica,2025,2022,3.8,University of Michigan,Public Research University,"Java, Javascript, Python",oSTEM,Y,N
Robert,2022,2021,3.8,University of Michigan,Public Research University,"Java, Javascript, Python",MHacks,Y,Y
Jacob,2023,2021,3.5,Indiana University,Public Research University,"Java, Racket, Python",Men's Soccer,Y,N
Frank,2023,2021,3.2,University of California San Diego,Public Research University,"Java, Python",Association for Computing Machinery,Y,N
Scott,2023,2021,3.1,Indiana University,Public Research University,"Java, Racket","Computer Science Club, Dance Marathon",Y,N
Susan,2022,2021,3.8,Wellesley College,Women's College,"Java, Python",Women's Soccer,Y,N
Neha,2022,2021,3.7,University of Michigan,Public Research University,"Java, Javascript, Python",Society of Women Engineers,N,N
Mary,2022,2021,3.7,Indiana University,Public Research University,"Java, Javascript, Python",Spanish Club,Y,N
Michael,2021,2020,3.4,University of Michigan,Public Research University,"Java, Python",Michiganensian Yearbook,Y,N
Dennis,2021,2020,3.5,University of Michigan,Public Research University,"C, Java, Javascript, Python",Chess Club,Y,Y
David,2021,2020,3.1,Indiana University,Public Research University,"Java, Racket",Data Science Club,Y,N
Claire,2021,2020,3.5,University of Michigan,Public Research University,"C, Java, Python",Society of Women Engineers,Y,N
Emily,2021,2020,3.4,Indiana University,Public Research University,"Java, Racket, Python","Student Government, Dance Marathon",Y,N
James,2020,2019,3.7,University of Michigan,Public Research University,"Java, Javascript, Python",Mentality Magazine,Y,Y
William,2020,2019,3.1,Indiana University,Public Research University,"Java, Racket, PHP",Union Board,Y,N
John,2020,2019,3.2,Indiana University,Public Research University,"Java, Racket",Computer Science Club,Y,N
Emma,2020,2019,3.3,University of Michigan,Public Research University,"Java, Javascript","Society of Women Engineers, Undergraduate Research Journal",Y,N
Charles,2019,2018,3.1,University of Michigan,Public Research University,"Java, Javascript, Python",Jam Club,Y,N
Richard,2019,2018,3.4,University of Michigan,Public Research University,"Java, Python",Spanish Club,Y,N
Oliver,2019,2018,3.2,University of Michigan,Public Research University,"C, Python",Every Three Weekly,Y,N
Elijah,2019,2018,3.6,University of Michigan,Public Research University,"C, Javascript, Python","MHacks, Chess Club",Y,Y