Name,Expected Graduation Year,GPA,College Name,College Type,Technical Skills,Extracurricular Activities,US Citizen,Received Internship Offer
Archer ,2023,3.9,University of California San Diego,Public Research University,"Javascript, Python","Men's soccer, Chess club",Y,Y
Gloria,2024,3.7,Indiana University,Public Research University,"Java, Python",Women's tennis,Y,N
Ahmed,2025,3.1,Howard University,HBCU (Historically Black College / University),Haskell,Bison Yearbook,Y,N
Kathy,2023,3.7,Wellesley College,Women's College,"Javascript, PHP",Women's soccer,Y,Y
Andy,2023,3.7,University of Michigan,Public Research University,"Java, Javascript, Python",Chess club,Y,Y
Jordan,2023,3.6,University of California San Diego,Public Research University,"Java, Javascript, Python","Association for Computing Machinery, oSTEM",Y,Y
Glen,2024,2.1,University of California San Diego,Public Research University,Java,Pep band,Y,N
Ji-yoo,2024,2.7,University of California San Diego,Public Research University,"Java, Python",Undergraduate Women in Computing,N,N
Daniel,2024,3.2,University of California San Diego,Public Research University,"Java, Python",Society of Hispanic Professional Engineers ,Y,Y
Henry,2025,3.2,Indiana University,Public Research University,"Python, Racket",Marching band,N,N
Adrian,2025,2.5,Indiana University,Public Research University,Racket,Dance Marathon,Y,N
Rajesh,2024,3.6,Indiana University,Public Research University,"Java, Racket, Python",Data Science Club,Y,Y
Caleb,2024,3.8,Howard University,HBCU (Historically Black College / University),"Java, Javascript, Python",Transfer Student Association,Y,Y
Deborah,2024,2.9,Wellesley College,Women's College,Javascript,Cheer,Y,N
Mia,2025,2.9,Wellesley College,Women's College,Python,Creative Writing Club,Y,N
Fatima,2022,3.5,University of Michigan,Public Research University,"Java, Python",Women in Electrical and Computer Engineering,N,N
Mark,2023,3.9,University of Michigan,Public Research University,"Java, Javascript, Python",Chess club,Y,Y
Kevin,2023,3.4,University of Michigan,Public Research University,"Java, Python",Michiganensian Yearbook,Y,Y
Thomas,2023,3.4,University of Michigan,Public Research University,"Java, Javascript, Python",Spanish Club,Y,Y
Jessica,2025,3.8,University of Michigan,Public Research University,"Java, Javascript, Python",oSTEM,Y,Y